<?xml version="1.0" encoding="UTF-8" standalone="yes"?>
<Content>
    <Views>
        <ViewDef id="fbf3446b-7bcb-40c5-bf78-87d164e8a3b2">
            <Title>[SHARED] Overview rightsizing vm's</Title>
            <Description>This vm will show all vm's that are oversized or undersied.</Description>
            <SubjectType adapterKind="VMWARE" filter="[[{&quot;condition&quot;:&quot;GREATER_THAN&quot;,&quot;metricKey&quot;:&quot;summary|oversized&quot;,&quot;metricValue&quot;:{&quot;isStringMetric&quot;:false,&quot;value&quot;:0},&quot;filterType&quot;:&quot;metrics&quot;},{&quot;condition&quot;:&quot;EQUALS&quot;,&quot;metricKey&quot;:&quot;summary|config|isTemplate&quot;,&quot;metricValue&quot;:{&quot;isStringMetric&quot;:true,&quot;value&quot;:&quot;false&quot;},&quot;filterType&quot;:&quot;properties&quot;},{&quot;condition&quot;:&quot;EQUALS&quot;,&quot;metricKey&quot;:&quot;summary|config|isSrmPlaceholder&quot;,&quot;metricValue&quot;:{&quot;isStringMetric&quot;:true,&quot;value&quot;:&quot;false&quot;},&quot;filterType&quot;:&quot;properties&quot;}],[{&quot;condition&quot;:&quot;GREATER_THAN&quot;,&quot;metricKey&quot;:&quot;summary|undersized&quot;,&quot;metricValue&quot;:{&quot;isStringMetric&quot;:false,&quot;value&quot;:0},&quot;filterType&quot;:&quot;metrics&quot;},{&quot;condition&quot;:&quot;EQUALS&quot;,&quot;metricKey&quot;:&quot;summary|config|isSrmPlaceholder&quot;,&quot;metricValue&quot;:{&quot;isStringMetric&quot;:true,&quot;value&quot;:&quot;false&quot;},&quot;filterType&quot;:&quot;properties&quot;},{&quot;condition&quot;:&quot;EQUALS&quot;,&quot;metricKey&quot;:&quot;summary|config|isTemplate&quot;,&quot;metricValue&quot;:{&quot;isStringMetric&quot;:true,&quot;value&quot;:&quot;false&quot;},&quot;filterType&quot;:&quot;properties&quot;}]]" resourceKind="VirtualMachine" type="descendant"/>
            <SubjectType adapterKind="VMWARE" filter="[[{&quot;condition&quot;:&quot;GREATER_THAN&quot;,&quot;metricKey&quot;:&quot;summary|oversized&quot;,&quot;metricValue&quot;:{&quot;isStringMetric&quot;:false,&quot;value&quot;:0},&quot;filterType&quot;:&quot;metrics&quot;},{&quot;condition&quot;:&quot;EQUALS&quot;,&quot;metricKey&quot;:&quot;summary|config|isTemplate&quot;,&quot;metricValue&quot;:{&quot;isStringMetric&quot;:true,&quot;value&quot;:&quot;false&quot;},&quot;filterType&quot;:&quot;properties&quot;},{&quot;condition&quot;:&quot;EQUALS&quot;,&quot;metricKey&quot;:&quot;summary|config|isSrmPlaceholder&quot;,&quot;metricValue&quot;:{&quot;isStringMetric&quot;:true,&quot;value&quot;:&quot;false&quot;},&quot;filterType&quot;:&quot;properties&quot;}],[{&quot;condition&quot;:&quot;GREATER_THAN&quot;,&quot;metricKey&quot;:&quot;summary|undersized&quot;,&quot;metricValue&quot;:{&quot;isStringMetric&quot;:false,&quot;value&quot;:0},&quot;filterType&quot;:&quot;metrics&quot;},{&quot;condition&quot;:&quot;EQUALS&quot;,&quot;metricKey&quot;:&quot;summary|config|isSrmPlaceholder&quot;,&quot;metricValue&quot;:{&quot;isStringMetric&quot;:true,&quot;value&quot;:&quot;false&quot;},&quot;filterType&quot;:&quot;properties&quot;},{&quot;condition&quot;:&quot;EQUALS&quot;,&quot;metricKey&quot;:&quot;summary|config|isTemplate&quot;,&quot;metricValue&quot;:{&quot;isStringMetric&quot;:true,&quot;value&quot;:&quot;false&quot;},&quot;filterType&quot;:&quot;properties&quot;}]]" resourceKind="VirtualMachine" type="self"/>
            <Usage>dashboard</Usage>
            <Usage>report</Usage>
            <Usage>details</Usage>
            <Usage>content</Usage>
            <Controls>
                <Control id="time-interval-selector_id_1747" type="time-interval-selector" visible="false">
                    <Property name="advancedTimeMode" value="false"/>
                    <Property name="unit" value="DAYS"/>
                    <Property name="count" value="7"/>
                </Control>
                <Control id="attributes-selector_id_1748" type="attributes-selector" visible="false">
                    <Property name="attributeInfos">
                        <List>
                            <Item>
<Value>
    <Property name="objectType" value="RESOURCE"/>
    <Property name="attributeKey" value="config|hardware|numCpu"/>
    <Property name="isStringAttribute" value="false"/>
    <Property name="adapterKind" value="VMWARE"/>
    <Property name="resourceKind" value="VirtualMachine"/>
    <Property name="rollUpCount" value="0"/>
    <Property name="transformations">
        <List>
            <Item value="CURRENT"/>
        </List>
    </Property>
    <Property name="isProperty" value="true"/>
    <Property name="displayName" value="Current vCPU's"/>
    <Property name="addTimestampAsColumn" value="false"/>
    <Property name="isShowRelativeTimestamp" value="false"/>
</Value>
                            </Item>
                            <Item>
<Value>
    <Property name="objectType" value="RESOURCE"/>
    <Property name="attributeKey" value="config|hardware|memoryKB"/>
    <Property name="preferredUnitId" value="auto"/>
    <Property name="isStringAttribute" value="false"/>
    <Property name="adapterKind" value="VMWARE"/>
    <Property name="resourceKind" value="VirtualMachine"/>
    <Property name="rollUpCount" value="0"/>
    <Property name="transformations">
        <List>
            <Item value="CURRENT"/>
        </List>
    </Property>
    <Property name="isProperty" value="true"/>
    <Property name="displayName" value="Current vRAM"/>
    <Property name="addTimestampAsColumn" value="false"/>
    <Property name="isShowRelativeTimestamp" value="false"/>
</Value>
                            </Item>
                            <Item>
<Value>
    <Property name="objectType" value="RESOURCE"/>
    <Property name="attributeKey" value="summary|oversized"/>
    <Property name="isStringAttribute" value="false"/>
    <Property name="adapterKind" value="VMWARE"/>
    <Property name="resourceKind" value="VirtualMachine"/>
    <Property name="rollUpType" value="NONE"/>
    <Property name="rollUpCount" value="0"/>
    <Property name="transformations">
        <List>
            <Item value="CURRENT"/>
        </List>
    </Property>
    <Property name="isProperty" value="false"/>
    <Property name="redBound" value="1"/>
    <Property name="ascendingRange" value="false"/>
    <Property name="displayName" value="Oversized yes (1) - no (0)"/>
    <Property name="addTimestampAsColumn" value="false"/>
    <Property name="isShowRelativeTimestamp" value="false"/>
</Value>
                            </Item>
                            <Item>
<Value>
    <Property name="objectType" value="RESOURCE"/>
    <Property name="attributeKey" value="summary|oversized|vcpus"/>
    <Property name="isStringAttribute" value="false"/>
    <Property name="adapterKind" value="VMWARE"/>
    <Property name="resourceKind" value="VirtualMachine"/>
    <Property name="rollUpType" value="NONE"/>
    <Property name="rollUpCount" value="0"/>
    <Property name="transformations">
        <List>
            <Item value="CURRENT"/>
        </List>
    </Property>
    <Property name="isProperty" value="false"/>
    <Property name="redBound" value="1"/>
    <Property name="ascendingRange" value="false"/>
    <Property name="displayName" value="Remove vCPU's"/>
    <Property name="addTimestampAsColumn" value="false"/>
    <Property name="isShowRelativeTimestamp" value="false"/>
</Value>
                            </Item>
                            <Item>
<Value>
    <Property name="objectType" value="RESOURCE"/>
    <Property name="attributeKey" value="summary|oversized|memory"/>
    <Property name="preferredUnitId" value="auto"/>
    <Property name="isStringAttribute" value="false"/>
    <Property name="adapterKind" value="VMWARE"/>
    <Property name="resourceKind" value="VirtualMachine"/>
    <Property name="rollUpType" value="NONE"/>
    <Property name="rollUpCount" value="0"/>
    <Property name="transformations">
        <List>
            <Item value="CURRENT"/>
        </List>
    </Property>
    <Property name="isProperty" value="false"/>
    <Property name="redBound" value="1"/>
    <Property name="ascendingRange" value="false"/>
    <Property name="displayName" value="Remove vMEM"/>
    <Property name="addTimestampAsColumn" value="false"/>
    <Property name="isShowRelativeTimestamp" value="false"/>
</Value>
                            </Item>
                            <Item>
<Value>
    <Property name="objectType" value="RESOURCE"/>
    <Property name="attributeKey" value="summary|undersized"/>
    <Property name="isStringAttribute" value="false"/>
    <Property name="adapterKind" value="VMWARE"/>
    <Property name="resourceKind" value="VirtualMachine"/>
    <Property name="rollUpType" value="NONE"/>
    <Property name="rollUpCount" value="0"/>
    <Property name="transformations">
        <List>
            <Item value="CURRENT"/>
        </List>
    </Property>
    <Property name="isProperty" value="false"/>
    <Property name="redBound" value="1"/>
    <Property name="ascendingRange" value="false"/>
    <Property name="displayName" value="Undersized  yes (1) - no (0)"/>
    <Property name="addTimestampAsColumn" value="false"/>
    <Property name="isShowRelativeTimestamp" value="false"/>
</Value>
                            </Item>
                            <Item>
<Value>
    <Property name="objectType" value="RESOURCE"/>
    <Property name="attributeKey" value="summary|undersized|vcpus"/>
    <Property name="isStringAttribute" value="false"/>
    <Property name="adapterKind" value="VMWARE"/>
    <Property name="resourceKind" value="VirtualMachine"/>
    <Property name="rollUpType" value="NONE"/>
    <Property name="rollUpCount" value="0"/>
    <Property name="transformations">
        <List>
            <Item value="CURRENT"/>
        </List>
    </Property>
    <Property name="isProperty" value="false"/>
    <Property name="redBound" value="1"/>
    <Property name="ascendingRange" value="false"/>
    <Property name="displayName" value="Add vCPU's"/>
    <Property name="addTimestampAsColumn" value="false"/>
    <Property name="isShowRelativeTimestamp" value="false"/>
</Value>
                            </Item>
                            <Item>
<Value>
    <Property name="objectType" value="RESOURCE"/>
    <Property name="attributeKey" value="summary|undersized|memory"/>
    <Property name="preferredUnitId" value="auto"/>
    <Property name="isStringAttribute" value="false"/>
    <Property name="adapterKind" value="VMWARE"/>
    <Property name="resourceKind" value="VirtualMachine"/>
    <Property name="rollUpType" value="NONE"/>
    <Property name="rollUpCount" value="0"/>
    <Property name="transformations">
        <List>
            <Item value="CURRENT"/>
        </List>
    </Property>
    <Property name="isProperty" value="false"/>
    <Property name="redBound" value="1"/>
    <Property name="ascendingRange" value="false"/>
    <Property name="displayName" value="Add vMEM"/>
    <Property name="addTimestampAsColumn" value="false"/>
    <Property name="isShowRelativeTimestamp" value="false"/>
</Value>
                            </Item>
                        </List>
                    </Property>
                </Control>
                <Control id="pagination-control_id_1749" type="pagination-control" visible="true">
                    <Property name="start" value="0"/>
                    <Property name="size" value="50"/>
                </Control>
                <Control id="metadata_id_1750" type="metadata" visible="false">
                    <Property name="maxPointsCount" value="5000"/>
                    <Property name="hideObjectNameColumn" value="false"/>
                    <Property name="listTopResultSize" value="-1"/>
                </Control>
            </Controls>
            <DataProviders>
                <DataProvider dataType="list-view" id="list-view_id_1746"/>
            </DataProviders>
            <Presentation type="list"/>
        </ViewDef>
    </Views>
</Content>
