{
   "dashboards": [{
      "autoswitchEnabled": false,
      "columnCount": 1,
      "columnProportion": "1",
      "creationTime": 1576751225780,
      "dashboardNavigations": {},
      "description": "",
      "disabled": false,
      "gridsterMaxColumns": 12,
      "hidden": false,
      "homeTab": false,
      "id": "47c71562-58eb-471a-a6bc-730709263755",
      "importAttempts": 0,
      "importComplete": true,
      "isDefault": false,
      "locked": false,
      "name": "Cegeka/Main dashboard Geleen",
      "namePath": "Cegeka",
      "rank": 3,
      "shared": true,
      "states": [],
      "temporary": false,
      "userId": "b026a0a5-d2ed-4221-b5c2-e7eed29c213e",
      "widgetInteractions": [],
      "widgets": [
         {
            "collapsed": false,
            "config": {
               "badge": [
                  {
                     "badgeKey": "health",
                     "badgeName": "Health",
                     "label": null,
                     "show": true
                  },
                  {
                     "badgeKey": "risk",
                     "badgeName": "Risk",
                     "label": null,
                     "show": true
                  },
                  {
                     "badgeKey": "efficiency",
                     "badgeName": "Efficiency",
                     "label": null,
                     "show": true
                  }
               ],
               "custom": [
                  {
                     "id": "extModel7207-1",
                     "resourceKindId": "resourceKind:id:0_::_",
                     "resourceKindName": "vCenter Server",
                     "tagFilter": {
                        "path": [
                           "/source/healthRange/healthRange:2",
                           "/source/healthRange/healthRange:3",
                           "/source/healthRange/healthRange:0",
                           "/source/healthRange/healthRange:1",
                           "/source/instanceKind/instanceKind:resourceKind:id:0_::_/adapterInstance:resource:id:1_::_"
                        ],
                        "value": {
                           "adapterInstance": ["resource:id:1_::_"],
                           "adapterKind": [],
                           "bus": [],
                           "collector": [],
                           "day": [],
                           "exclaim": false,
                           "healthRange": [
                              "2",
                              "3",
                              "0",
                              "1"
                           ],
                           "kind": [],
                           "maintenanceSchedule": [],
                           "state": [],
                           "status": [],
                           "tag": [],
                           "tier": []
                        }
                     }
                  },
                  {
                     "id": "extModel56975-1",
                     "resourceKindId": "resourceKind:id:1_::_",
                     "resourceKindName": "Cluster Compute Resource",
                     "tagFilter": {
                        "path": [
                           "/source/healthRange/healthRange:1",
                           "/source/healthRange/healthRange:2",
                           "/source/healthRange/healthRange:3",
                           "/source/healthRange/healthRange:0",
                           "/source/instanceKind/instanceKind:resourceKind:id:0_::_/adapterInstance:resource:id:1_::_"
                        ],
                        "value": {
                           "adapterInstance": ["resource:id:1_::_"],
                           "adapterKind": [],
                           "bus": [],
                           "collector": [],
                           "day": [],
                           "exclaim": false,
                           "healthRange": [
                              "1",
                              "2",
                              "3",
                              "0"
                           ],
                           "kind": [],
                           "maintenanceSchedule": [],
                           "state": [],
                           "status": [],
                           "tag": [],
                           "tier": []
                        }
                     }
                  },
                  {
                     "id": "extModel65871-1",
                     "resourceKindId": "resourceKind:id:2_::_",
                     "resourceKindName": "Host System",
                     "tagFilter": {
                        "path": [
                           "/source/healthRange/healthRange:0",
                           "/source/healthRange/healthRange:1",
                           "/source/healthRange/healthRange:2",
                           "/source/healthRange/healthRange:3",
                           "/source/instanceKind/instanceKind:resourceKind:id:0_::_/adapterInstance:resource:id:1_::_"
                        ],
                        "value": {
                           "adapterInstance": ["resource:id:1_::_"],
                           "adapterKind": [],
                           "bus": [],
                           "collector": [],
                           "day": [],
                           "exclaim": false,
                           "healthRange": [
                              "0",
                              "1",
                              "2",
                              "3"
                           ],
                           "kind": [],
                           "maintenanceSchedule": [],
                           "state": [],
                           "status": [],
                           "tag": [],
                           "tier": []
                        }
                     }
                  }
               ],
               "mode": "custom",
               "refreshContent": {"refreshContent": true},
               "refreshInterval": 300,
               "resource": {
                  "resourceId": "resource:id:0_::_",
                  "resourceName": "vSphere World"
               },
               "selfProvider": {"selfProvider": true},
               "title": "Environment Overview Geleen"
            },
            "gridsterCoords": {
               "h": 12,
               "w": 4,
               "x": 1,
               "y": 6
            },
            "height": 666,
            "id": "8ff3a1e8-5ab8-41fd-a997-fa82a6c23bbf",
            "states": [
               {
                  "key": "permMetricStatesSelected_permSkittlesView_widget_47c71562-58eb-471a-a6bc-730709263755_8ff3a1e8-5ab8-41fd-a997-fa82a6c23bbf",
                  "value": "a%3An%253A2%5En%253A3%5En%253A4"
               },
               {
                  "key": "permSkittlesView_widget_47c71562-58eb-471a-a6bc-730709263755_8ff3a1e8-5ab8-41fd-a997-fa82a6c23bbf",
                  "value": "o%3A"
               },
               {
                  "key": "perm_toolbarVisible_widget_47c71562-58eb-471a-a6bc-730709263755_8ff3a1e8-5ab8-41fd-a997-fa82a6c23bbf",
                  "value": "b%3A1"
               }
            ],
            "title": "Environment Overview Geleen",
            "type": "Skittles"
         },
         {
            "collapsed": false,
            "config": {
               "configs": [{
                  "attributeKind": {"value": ""},
                  "color": {
                     "maxValue": 7.5,
                     "minValue": 0,
                     "thresholds": {
                        "colors": [
                           "#00FF00",
                           "#888800",
                           "#ff0000"
                        ],
                        "values": [
                           0,
                           50,
                           100
                        ]
                     }
                  },
                  "colorBy": {
                     "metricKey": "cpu|capacity_contentionPct",
                     "value": "CPU|Contention (%)"
                  },
                  "customFilter": null,
                  "filterMode": "tagPicker",
                  "focusOnGroups": false,
                  "groupBy": {
                     "id": "004null002006VMWAREClusterComputeResource",
                     "parentId": "VMWARE",
                     "parentText": "vCenter Adapter",
                     "text": "Cluster Compute Resource",
                     "type": "resourceKind",
                     "typeId": "resourceKind:id:1_::_"
                  },
                  "mode": {"mode": false},
                  "name": "Host heatmap sized by CPU demand and colored by CPU contention",
                  "relationalGrouping": false,
                  "resourceKind": "resourceKind:id:2_::_",
                  "sizeBy": {
                     "metricKey": "cpu|demandPct",
                     "value": "CPU|Demand (%)"
                  },
                  "solidColoring": false,
                  "tagFilter": null,
                  "thenBy": null
               }],
               "depth": 10,
               "mode": "resource",
               "refreshContent": {"refreshContent": true},
               "refreshInterval": 300,
               "relationshipMode": {"relationshipMode": [
                  1,
                  -1,
                  0
               ]},
               "resource": [{
                  "id": "resource:id:1_::_",
                  "name": "SHARNLGEVCSA002"
               }],
               "selfProvider": {"selfProvider": true},
               "title": "Host sized by cpu demand vs cpu contention",
               "value": 0
            },
            "gridsterCoords": {
               "h": 6,
               "w": 4,
               "x": 5,
               "y": 6
            },
            "height": 324,
            "id": "50707ce8-5ca5-4633-b539-4e0e43359b63",
            "states": [{
               "key": "perm_HeatMap_widget_47c71562-58eb-471a-a6bc-730709263755_50707ce8-5ca5-4633-b539-4e0e43359b63",
               "value": "o%3A"
            }],
            "title": "Host sized by cpu demand vs cpu contention",
            "type": "Heatmap"
         },
         {
            "collapsed": false,
            "config": {
               "configs": [{
                  "attributeKind": {"value": ""},
                  "color": {
                     "maxValue": 10,
                     "minValue": 0,
                     "thresholds": {
                        "colors": [
                           "#00FF00",
                           "#888800",
                           "#ff0000"
                        ],
                        "values": [
                           0,
                           50,
                           100
                        ]
                     }
                  },
                  "colorBy": {
                     "metricKey": "mem|host_contentionPct",
                     "value": "Memory|Contention (%)"
                  },
                  "customFilter": null,
                  "filterMode": "tagPicker",
                  "focusOnGroups": false,
                  "groupBy": {
                     "id": "004null002006VMWAREClusterComputeResource",
                     "parentId": "VMWARE",
                     "parentText": "vCenter Adapter",
                     "text": "Cluster Compute Resource",
                     "type": "resourceKind",
                     "typeId": "resourceKind:id:1_::_"
                  },
                  "mode": {"mode": false},
                  "name": "Host heatmap sized by usage colored by contention",
                  "relationalGrouping": false,
                  "resourceKind": "resourceKind:id:2_::_",
                  "sizeBy": {
                     "metricKey": "mem|usage_average",
                     "value": "Memory|Usage (%)"
                  },
                  "solidColoring": false,
                  "tagFilter": null,
                  "thenBy": null
               }],
               "depth": 10,
               "mode": "resource",
               "refreshContent": {"refreshContent": true},
               "refreshInterval": 300,
               "relationshipMode": {"relationshipMode": [
                  1,
                  -1,
                  0
               ]},
               "resource": [{
                  "id": "resource:id:1_::_",
                  "name": "SHARNLGEVCSA002"
               }],
               "selfProvider": {"selfProvider": true},
               "title": "Host sized by Memory demand vs Memory contention",
               "value": 0
            },
            "gridsterCoords": {
               "h": 6,
               "w": 4,
               "x": 5,
               "y": 12
            },
            "height": 324,
            "id": "492a0e61-fbd5-478c-90e4-ee42c82abe06",
            "states": [{
               "key": "perm_HeatMap_widget_47c71562-58eb-471a-a6bc-730709263755_492a0e61-fbd5-478c-90e4-ee42c82abe06",
               "value": "o%3A"
            }],
            "title": "Host sized by Memory demand vs Memory contention",
            "type": "Heatmap"
         },
         {
            "collapsed": false,
            "config": {
               "boxColumns": 6,
               "boxHeight": null,
               "customFilter": {
                  "excludedResources": null,
                  "filter": [],
                  "includedResources": null
               },
               "depth": 1,
               "labelSize": 16,
               "maxCellCount": 100,
               "metric": {
                  "mode": "resourceKind",
                  "resourceKindMetrics": [
                     {
                        "colorMethod": 2,
                        "id": "extModel139079-1",
                        "isStringMetric": false,
                        "label": "Vcenter Servers",
                        "link": "",
                        "metricKey": "summary|total_number_vcenters",
                        "metricName": "Summary|Total Number of vCenter Server(s)",
                        "metricUnitId": null,
                        "orangeBound": null,
                        "redBound": null,
                        "resourceKindId": "resourceKind:id:3_::_",
                        "resourceKindName": "vSphere World",
                        "unit": null,
                        "yellowBound": null
                     },
                     {
                        "colorMethod": 2,
                        "id": "extModel139079-2",
                        "isStringMetric": false,
                        "label": "Datacenters",
                        "link": "",
                        "metricKey": "summary|total_number_datacenters",
                        "metricName": "Summary|Total Number of Datacenters",
                        "metricUnitId": null,
                        "orangeBound": null,
                        "redBound": null,
                        "resourceKindId": "resourceKind:id:3_::_",
                        "resourceKindName": "vSphere World",
                        "unit": null,
                        "yellowBound": null
                     },
                     {
                        "colorMethod": 2,
                        "id": "extModel139079-3",
                        "isStringMetric": false,
                        "label": "Clusters",
                        "link": "",
                        "metricKey": "summary|total_number_clusters",
                        "metricName": "Summary|Total Number of Clusters",
                        "metricUnitId": null,
                        "orangeBound": null,
                        "redBound": null,
                        "resourceKindId": "resourceKind:id:3_::_",
                        "resourceKindName": "vSphere World",
                        "unit": null,
                        "yellowBound": null
                     },
                     {
                        "colorMethod": 2,
                        "id": "extModel139079-4",
                        "isStringMetric": false,
                        "label": "Hosts",
                        "link": "",
                        "metricKey": "summary|total_number_hosts",
                        "metricName": "Summary|Total Number of Hosts",
                        "metricUnitId": null,
                        "orangeBound": null,
                        "redBound": null,
                        "resourceKindId": "resourceKind:id:3_::_",
                        "resourceKindName": "vSphere World",
                        "unit": null,
                        "yellowBound": null
                     },
                     {
                        "colorMethod": 2,
                        "id": "extModel139079-5",
                        "isStringMetric": false,
                        "label": "Vm's",
                        "link": "",
                        "metricKey": "summary|total_number_vms",
                        "metricName": "Summary|Total Number of VMs",
                        "metricUnitId": null,
                        "orangeBound": null,
                        "redBound": null,
                        "resourceKindId": "resourceKind:id:3_::_",
                        "resourceKindName": "vSphere World",
                        "unit": null,
                        "yellowBound": null
                     },
                     {
                        "colorMethod": 2,
                        "id": "extModel153748-1",
                        "isStringMetric": false,
                        "label": "Datastores",
                        "link": "",
                        "metricKey": "summary|total_number_datastores",
                        "metricName": "Summary|Total Number of Datastores",
                        "metricUnitId": null,
                        "orangeBound": null,
                        "redBound": null,
                        "resourceKindId": "resourceKind:id:3_::_",
                        "resourceKindName": "vSphere World",
                        "unit": null,
                        "yellowBound": null
                     },
                     {
                        "colorMethod": 2,
                        "id": "extModel139079-6",
                        "isStringMetric": false,
                        "label": "CPU cores",
                        "link": "",
                        "metricKey": "cpu|corecount_provisioned",
                        "metricName": "CPU|Number of physical CPUs",
                        "metricUnitId": -1,
                        "orangeBound": null,
                        "redBound": null,
                        "resourceKindId": "resourceKind:id:3_::_",
                        "resourceKindName": "vSphere World",
                        "unit": "Auto",
                        "yellowBound": null
                     },
                     {
                        "colorMethod": 2,
                        "id": "extModel144231-1",
                        "isStringMetric": false,
                        "label": "vCpu's",
                        "link": "",
                        "metricKey": "cpu|vcpus_allocated_on_all_vms",
                        "metricName": "CPU|vCPUs Allocated on all VMs",
                        "metricUnitId": null,
                        "orangeBound": null,
                        "redBound": null,
                        "resourceKindId": "resourceKind:id:3_::_",
                        "resourceKindName": "vSphere World",
                        "unit": null,
                        "yellowBound": null
                     },
                     {
                        "colorMethod": 2,
                        "id": "extModel144231-2",
                        "isStringMetric": false,
                        "label": "vCpu ratio",
                        "link": "",
                        "metricKey": "cpu|vcpus_to_cores_allocation_ratio",
                        "metricName": "CPU|Current Overcommit Ratio",
                        "metricUnitId": ":1",
                        "orangeBound": null,
                        "redBound": null,
                        "resourceKindId": "resourceKind:id:3_::_",
                        "resourceKindName": "vSphere World",
                        "unit": ":1",
                        "yellowBound": null
                     },
                     {
                        "colorMethod": 2,
                        "id": "extModel149382-1",
                        "isStringMetric": false,
                        "label": "Memory",
                        "link": "",
                        "metricKey": "mem|host_provisioned",
                        "metricName": "Memory|Total Capacity",
                        "metricUnitId": "tb",
                        "orangeBound": null,
                        "redBound": null,
                        "resourceKindId": "resourceKind:id:3_::_",
                        "resourceKindName": "vSphere World",
                        "unit": "TB",
                        "yellowBound": null
                     },
                     {
                        "colorMethod": 2,
                        "id": "extModel149382-2",
                        "isStringMetric": false,
                        "label": "vMem",
                        "link": "",
                        "metricKey": "mem|memory_allocated_on_all_vms",
                        "metricName": "Memory|Memory Allocated on all VMs",
                        "metricUnitId": "tb",
                        "orangeBound": null,
                        "redBound": null,
                        "resourceKindId": "resourceKind:id:3_::_",
                        "resourceKindName": "vSphere World",
                        "unit": "TB",
                        "yellowBound": null
                     },
                     {
                        "colorMethod": 2,
                        "id": "extModel149382-3",
                        "isStringMetric": false,
                        "label": "vMem ratio",
                        "link": "",
                        "metricKey": "mem|virtual_to_physical_memory_allocation_ratio",
                        "metricName": "Memory|Current Overcommit Ratio",
                        "metricUnitId": null,
                        "orangeBound": null,
                        "redBound": null,
                        "resourceKindId": "resourceKind:id:3_::_",
                        "resourceKindName": "vSphere World",
                        "unit": null,
                        "yellowBound": null
                     }
                  ],
                  "resourceMetrics": [
                     {
                        "colorMethod": 2,
                        "id": "extModel84498-1",
                        "isStringMetric": false,
                        "label": "Datacenters",
                        "link": "",
                        "metricKey": "summary|total_number_datacenters",
                        "metricName": "Summary|Total Number of Datacenters",
                        "metricUnitId": null,
                        "orangeBound": null,
                        "redBound": null,
                        "resourceId": "resource:id:0_::_",
                        "resourceKindId": "002006VMWAREvSphere World",
                        "resourceName": "vSphere World",
                        "unit": null,
                        "yellowBound": null
                     },
                     {
                        "colorMethod": 2,
                        "id": "extModel84498-2",
                        "isStringMetric": false,
                        "label": "Clusters",
                        "link": "",
                        "metricKey": "summary|total_number_clusters",
                        "metricName": "Summary|Total Number of Clusters",
                        "metricUnitId": null,
                        "orangeBound": null,
                        "redBound": null,
                        "resourceId": "resource:id:0_::_",
                        "resourceKindId": "002006VMWAREvSphere World",
                        "resourceName": "vSphere World",
                        "unit": null,
                        "yellowBound": null
                     },
                     {
                        "colorMethod": 2,
                        "id": "extModel84498-3",
                        "isStringMetric": false,
                        "label": "Hosts",
                        "link": "",
                        "metricKey": "summary|total_number_hosts",
                        "metricName": "Summary|Total Number of Hosts",
                        "metricUnitId": null,
                        "orangeBound": null,
                        "redBound": null,
                        "resourceId": "resource:id:0_::_",
                        "resourceKindId": "002006VMWAREvSphere World",
                        "resourceName": "vSphere World",
                        "unit": null,
                        "yellowBound": null
                     },
                     {
                        "colorMethod": 2,
                        "id": "extModel84498-4",
                        "isStringMetric": false,
                        "label": "Vm's",
                        "link": "",
                        "metricKey": "summary|total_number_vms",
                        "metricName": "Summary|Total Number of VMs",
                        "metricUnitId": null,
                        "orangeBound": null,
                        "redBound": null,
                        "resourceId": "resource:id:0_::_",
                        "resourceKindId": "002006VMWAREvSphere World",
                        "resourceName": "vSphere World",
                        "unit": null,
                        "yellowBound": null
                     }
                  ],
                  "subMode": "resourceKindAll"
               },
               "mode": {"layoutMode": "fixedView"},
               "oldMetricValues": false,
               "periodLength": "last24Hour",
               "refreshContent": {"refreshContent": true},
               "refreshInterval": 300,
               "relationshipMode": {"relationshipMode": 0},
               "resInteractionMode": null,
               "resource": [],
               "roundDecimals": 1,
               "selfProvider": {"selfProvider": true},
               "showDT": {"showDT": true},
               "showMetricName": {"showMetricName": true},
               "showMetricUnit": {"showMetricUnit": true},
               "showResourceName": {"showResourceName": false},
               "showSparkline": {"showSparkline": true},
               "title": "Total environment summary",
               "valueSize": 24,
               "visualTheme": 5
            },
            "gridsterCoords": {
               "h": 5,
               "w": 12,
               "x": 1,
               "y": 1
            },
            "height": 267,
            "id": "e13c753e-3b68-4ace-8843-4225863da823",
            "title": "Total environment summary",
            "type": "Scoreboard"
         },
         {
            "collapsed": false,
            "config": {
               "configs": [{
                  "attributeKind": {"value": ""},
                  "color": {
                     "maxValue": 30,
                     "minValue": 0,
                     "thresholds": {
                        "colors": [
                           "#00ff00",
                           "#888800",
                           "#ff0000"
                        ],
                        "values": [
                           0,
                           50,
                           100
                        ]
                     }
                  },
                  "colorBy": {
                     "metricKey": "net|droppedTx_summation",
                     "value": "Network|Transmitted Packets Dropped"
                  },
                  "filterMode": "tagPicker",
                  "focusOnGroups": false,
                  "groupBy": {
                     "id": "004null002006VMWAREVMwareAdapter Instance",
                     "originalText": "vCenter Server",
                     "parentId": "VMWARE",
                     "parentText": "vCenter Adapter",
                     "text": "vCenter Server",
                     "type": "resourceKind",
                     "typeId": "resourceKind:id:0_::_"
                  },
                  "mode": {"mode": false},
                  "name": "Latency",
                  "relationalGrouping": false,
                  "resourceKind": "resourceKind:id:2_::_",
                  "sizeBy": {
                     "metricKey": "net|usage_average",
                     "value": "Network|Usage Rate (KBps)"
                  },
                  "solidColoring": false,
                  "thenBy": {
                     "id": "004null002006VMWAREClusterComputeResource",
                     "originalText": "Cluster Compute Resource",
                     "parentId": "VMWARE",
                     "parentText": "vCenter Adapter",
                     "text": "Cluster Compute Resource",
                     "type": "resourceKind",
                     "typeId": "resourceKind:id:1_::_"
                  }
               }],
               "depth": 10,
               "mode": "resource",
               "refreshContent": {"refreshContent": false},
               "refreshInterval": 300,
               "relationshipMode": {"relationshipMode": [
                  1,
                  -1,
                  0
               ]},
               "resource": [{
                  "id": "resource:id:1_::_",
                  "name": "SHARNLGEVCSA002"
               }],
               "selfProvider": {"selfProvider": true},
               "title": "Host network sized by Usage rate vs transmitted packets dropped",
               "value": 0
            },
            "gridsterCoords": {
               "h": 6,
               "w": 4,
               "x": 9,
               "y": 12
            },
            "height": 324,
            "id": "d4434f56-8d33-473b-89d5-22489d6d641e",
            "states": [{
               "key": "perm_HeatMap_widget_47c71562-58eb-471a-a6bc-730709263755_d4434f56-8d33-473b-89d5-22489d6d641e",
               "value": "o%3A"
            }],
            "title": "Host network sized by Usage rate vs transmitted packets dropped",
            "type": "Heatmap"
         },
         {
            "collapsed": false,
            "config": {
               "configs": [{
                  "attributeKind": {
                     "id": "datastore|totalLatency_average",
                     "value": "Datastore|Total Latency (ms)"
                  },
                  "attributePaths": ["/root/allMetricsRoot/GROUP_datastore/datastore|totalLatency_average"],
                  "color": {
                     "maxValue": 50,
                     "minValue": 0,
                     "thresholds": {
                        "colors": [
                           "#00ff00",
                           "#888800",
                           "#ff0000"
                        ],
                        "values": [
                           0,
                           50,
                           100
                        ]
                     }
                  },
                  "colorBy": {
                     "metricKey": "devices:Aggregate of all instances|deviceLatency_average",
                     "value": "Devices:Aggregate of all instances|Physical Device Latency (ms)"
                  },
                  "filterMode": "tagPicker",
                  "focusOnGroups": false,
                  "groupBy": {
                     "id": "004null002006VMWAREVMwareAdapter Instance",
                     "originalText": "vCenter Server",
                     "parentId": "VMWARE",
                     "parentText": "vCenter Adapter",
                     "text": "vCenter Server",
                     "type": "resourceKind",
                     "typeId": "resourceKind:id:0_::_"
                  },
                  "mode": {"mode": false},
                  "name": "Datastore with high latency",
                  "relationalGrouping": false,
                  "resourceKind": "resourceKind:id:4_::_",
                  "sizeBy": {
                     "metricKey": "capacity|usedSpacePct",
                     "value": "Capacity|Used Space (%)"
                  },
                  "solidColoring": false,
                  "thenBy": {
                     "id": "004null002006VMWAREClusterComputeResource",
                     "originalText": "Cluster Compute Resource",
                     "parentId": "VMWARE",
                     "parentText": "vCenter Adapter",
                     "text": "Cluster Compute Resource",
                     "type": "resourceKind",
                     "typeId": "resourceKind:id:1_::_"
                  }
               }],
               "depth": 10,
               "mode": "resource",
               "refreshContent": {"refreshContent": false},
               "refreshInterval": 300,
               "relationshipMode": {"relationshipMode": [
                  1,
                  -1,
                  0
               ]},
               "resource": [{
                  "id": "resource:id:1_::_",
                  "name": "SHARNLGEVCSA002"
               }],
               "selfProvider": {"selfProvider": true},
               "title": "DS sized by Used space vs device latency",
               "value": 0
            },
            "gridsterCoords": {
               "h": 6,
               "w": 4,
               "x": 9,
               "y": 6
            },
            "height": 324,
            "id": "463bf95c-8f83-4d04-b7c6-85147f86717c",
            "states": [{
               "key": "perm_HeatMap_widget_47c71562-58eb-471a-a6bc-730709263755_463bf95c-8f83-4d04-b7c6-85147f86717c",
               "value": "o%3A"
            }],
            "title": "DS sized by Used space vs device latency",
            "type": "Heatmap"
         }
      ]
   }],
   "entries": {
      "resource": [
         {
            "adapterKindKey": "VMWARE",
            "identifiers": [{
               "key": "VCURL",
               "value": "sharnlgevcsa002.cegekavirtual.local"
            }],
            "internalId": "resource:id:1_::_",
            "name": "SHARNLGEVCSA002",
            "resourceKindKey": "VMwareAdapter Instance"
         },
         {
            "adapterKindKey": "VMWARE",
            "identifiers": [],
            "internalId": "resource:id:0_::_",
            "name": "vSphere World",
            "resourceKindKey": "vSphere World"
         }
      ],
      "resourceKind": [
         {
            "adapterKindKey": "VMWARE",
            "internalId": "resourceKind:id:2_::_",
            "resourceKindKey": "HostSystem"
         },
         {
            "adapterKindKey": "VMWARE",
            "internalId": "resourceKind:id:0_::_",
            "resourceKindKey": "VMwareAdapter Instance"
         },
         {
            "adapterKindKey": "VMWARE",
            "internalId": "resourceKind:id:1_::_",
            "resourceKindKey": "ClusterComputeResource"
         },
         {
            "adapterKindKey": "VMWARE",
            "internalId": "resourceKind:id:3_::_",
            "resourceKindKey": "vSphere World"
         },
         {
            "adapterKindKey": "VMWARE",
            "internalId": "resourceKind:id:4_::_",
            "resourceKindKey": "Datastore"
         }
      ]
   },
   "uuid": "956afb58-251f-4986-aa5a-1eeb8907561d"
}