<?xml version="1.0" encoding="UTF-8" standalone="yes"?>
<Content>
    <Views>
        <ViewDef id="df5ddb35-b93b-4444-8b09-4843832f6b03">
            <Title>AdmissionControl-Cluster</Title>
            <Description>List cluster with admission control or DRS not enabled or DRS automation is not fully automated</Description>
            <SubjectType adapterKind="VMWARE" filter="[[{&quot;condition&quot;:&quot;EQUALS&quot;,&quot;metricKey&quot;:&quot;configuration|dasConfig|admissionControlEnabled&quot;,&quot;metricValue&quot;:{&quot;isStringMetric&quot;:true,&quot;value&quot;:&quot;false&quot;},&quot;filterType&quot;:&quot;properties&quot;}],[{&quot;condition&quot;:&quot;EQUALS&quot;,&quot;metricKey&quot;:&quot;configuration|drsconfig|enabled&quot;,&quot;metricValue&quot;:{&quot;isStringMetric&quot;:true,&quot;value&quot;:&quot;false&quot;},&quot;filterType&quot;:&quot;properties&quot;}],[{&quot;condition&quot;:&quot;NOT_EQUALS&quot;,&quot;metricKey&quot;:&quot;configuration|drsconfig|defaultVmBehavior&quot;,&quot;metricValue&quot;:{&quot;isStringMetric&quot;:true,&quot;value&quot;:&quot;fullyAutomated&quot;},&quot;filterType&quot;:&quot;properties&quot;}]]" resourceKind="ClusterComputeResource" type="descendant"/>
            <SubjectType adapterKind="VMWARE" filter="[[{&quot;condition&quot;:&quot;EQUALS&quot;,&quot;metricKey&quot;:&quot;configuration|dasConfig|admissionControlEnabled&quot;,&quot;metricValue&quot;:{&quot;isStringMetric&quot;:true,&quot;value&quot;:&quot;false&quot;},&quot;filterType&quot;:&quot;properties&quot;}],[{&quot;condition&quot;:&quot;EQUALS&quot;,&quot;metricKey&quot;:&quot;configuration|drsconfig|enabled&quot;,&quot;metricValue&quot;:{&quot;isStringMetric&quot;:true,&quot;value&quot;:&quot;false&quot;},&quot;filterType&quot;:&quot;properties&quot;}],[{&quot;condition&quot;:&quot;NOT_EQUALS&quot;,&quot;metricKey&quot;:&quot;configuration|drsconfig|defaultVmBehavior&quot;,&quot;metricValue&quot;:{&quot;isStringMetric&quot;:true,&quot;value&quot;:&quot;fullyAutomated&quot;},&quot;filterType&quot;:&quot;properties&quot;}]]" resourceKind="ClusterComputeResource" type="self"/>
            <Usage>dashboard</Usage>
            <Usage>report</Usage>
            <Usage>details</Usage>
            <Usage>content</Usage>
            <Controls>
                <Control id="time-interval-selector_id_908" type="time-interval-selector" visible="false">
                    <Property name="advancedTimeMode" value="false"/>
                    <Property name="unit" value="DAYS"/>
                    <Property name="count" value="7"/>
                </Control>
                <Control id="attributes-selector_id_909" type="attributes-selector" visible="false">
                    <Property name="attributeInfos">
                        <List>
                            <Item>
<Value>
    <Property name="objectType" value="RESOURCE"/>
    <Property name="attributeKey" value="configuration|dasConfig|admissionControlEnabled"/>
    <Property name="isStringAttribute" value="true"/>
    <Property name="adapterKind" value="VMWARE"/>
    <Property name="resourceKind" value="ClusterComputeResource"/>
    <Property name="rollUpType" value="NONE"/>
    <Property name="rollUpCount" value="0"/>
    <Property name="transformations">
        <List>
            <Item value="CURRENT"/>
        </List>
    </Property>
    <Property name="isProperty" value="true"/>
    <Property name="displayName" value="Admission Control Enabled"/>
    <Property name="addTimestampAsColumn" value="false"/>
    <Property name="isShowRelativeTimestamp" value="false"/>
</Value>
                            </Item>
                            <Item>
<Value>
    <Property name="objectType" value="RESOURCE"/>
    <Property name="attributeKey" value="configuration|drsconfig|enabled"/>
    <Property name="isStringAttribute" value="true"/>
    <Property name="adapterKind" value="VMWARE"/>
    <Property name="resourceKind" value="ClusterComputeResource"/>
    <Property name="rollUpCount" value="0"/>
    <Property name="transformations">
        <List>
            <Item value="CURRENT"/>
        </List>
    </Property>
    <Property name="isProperty" value="true"/>
    <Property name="displayName" value="DRS Enabled"/>
    <Property name="addTimestampAsColumn" value="false"/>
    <Property name="isShowRelativeTimestamp" value="false"/>
</Value>
                            </Item>
                            <Item>
<Value>
    <Property name="objectType" value="RESOURCE"/>
    <Property name="attributeKey" value="configuration|drsconfig|defaultVmBehavior"/>
    <Property name="isStringAttribute" value="true"/>
    <Property name="adapterKind" value="VMWARE"/>
    <Property name="resourceKind" value="ClusterComputeResource"/>
    <Property name="rollUpCount" value="0"/>
    <Property name="transformations">
        <List>
            <Item value="CURRENT"/>
        </List>
    </Property>
    <Property name="isProperty" value="true"/>
    <Property name="displayName" value="DRS Automation"/>
    <Property name="addTimestampAsColumn" value="false"/>
    <Property name="isShowRelativeTimestamp" value="false"/>
</Value>
                            </Item>
                        </List>
                    </Property>
                </Control>
                <Control id="pagination-control_id_910" type="pagination-control" visible="true">
                    <Property name="start" value="0"/>
                    <Property name="size" value="50"/>
                </Control>
                <Control id="metadata_id_911" type="metadata" visible="false">
                    <Property name="maxPointsCount" value="5000"/>
                    <Property name="distributionColor" value="6870C4"/>
                    <Property name="hideObjectNameColumn" value="false"/>
                    <Property name="listTopResultSize" value="-1"/>
                </Control>
            </Controls>
            <DataProviders>
                <DataProvider dataType="list-view" id="list-view_id_907"/>
            </DataProviders>
            <Presentation type="list"/>
        </ViewDef>
    </Views>
</Content>
