{
   "dashboards": [{
      "autoswitchEnabled": false,
      "columnCount": 1,
      "columnProportion": "1",
      "creationTime": 1583747638217,
      "dashboardNavigations": {},
      "description": "",
      "disabled": false,
      "gridsterMaxColumns": 12,
      "hidden": false,
      "homeTab": false,
      "id": "0d18e919-2425-4855-8814-3e31a8eca9dd",
      "importAttempts": 0,
      "importComplete": true,
      "isDefault": false,
      "locked": false,
      "name": "Cegeka/Main dashboard Hasselt v2",
      "namePath": "Cegeka",
      "rank": 4,
      "shared": false,
      "states": [],
      "temporary": false,
      "userId": "b026a0a5-d2ed-4221-b5c2-e7eed29c213e",
      "widgetInteractions": [],
      "widgets": [
         {
            "collapsed": false,
            "config": {
               "badge": [
                  {
                     "badgeKey": "health",
                     "badgeName": "Health",
                     "label": null,
                     "show": true
                  },
                  {
                     "badgeKey": "risk",
                     "badgeName": "Risk",
                     "label": null,
                     "show": true
                  },
                  {
                     "badgeKey": "efficiency",
                     "badgeName": "Efficiency",
                     "label": null,
                     "show": true
                  }
               ],
               "custom": [
                  {
                     "id": "extModel7207-1",
                     "resourceKindId": "resourceKind:id:0_::_",
                     "resourceKindName": "vCenter Server",
                     "tagFilter": {
                        "path": [
                           "/source/healthRange/healthRange:3",
                           "/source/healthRange/healthRange:0",
                           "/source/healthRange/healthRange:1",
                           "/source/healthRange/healthRange:2",
                           "/source/instanceKind/instanceKind:resourceKind:id:0_::_/adapterInstance:resource:id:1_::_",
                           "/source/instanceKind/instanceKind:resourceKind:id:0_::_/adapterInstance:resource:id:2_::_"
                        ],
                        "value": {
                           "adapterInstance": [
                              "resource:id:1_::_",
                              "resource:id:2_::_"
                           ],
                           "adapterKind": [],
                           "bus": [],
                           "collector": [],
                           "day": [],
                           "exclaim": false,
                           "healthRange": [
                              "3",
                              "0",
                              "1",
                              "2"
                           ],
                           "kind": [],
                           "maintenanceSchedule": [],
                           "state": [],
                           "status": [],
                           "tag": [],
                           "tier": []
                        }
                     }
                  },
                  {
                     "id": "extModel56975-1",
                     "resourceKindId": "resourceKind:id:1_::_",
                     "resourceKindName": "Cluster Compute Resource",
                     "tagFilter": {
                        "path": [
                           "/source/healthRange/healthRange:1",
                           "/source/healthRange/healthRange:2",
                           "/source/healthRange/healthRange:3",
                           "/source/healthRange/healthRange:0",
                           "/source/instanceKind/instanceKind:resourceKind:id:0_::_/adapterInstance:resource:id:1_::_",
                           "/source/instanceKind/instanceKind:resourceKind:id:0_::_/adapterInstance:resource:id:2_::_"
                        ],
                        "value": {
                           "adapterInstance": [
                              "resource:id:1_::_",
                              "resource:id:2_::_"
                           ],
                           "adapterKind": [],
                           "bus": [],
                           "collector": [],
                           "day": [],
                           "exclaim": false,
                           "healthRange": [
                              "1",
                              "2",
                              "3",
                              "0"
                           ],
                           "kind": [],
                           "maintenanceSchedule": [],
                           "state": [],
                           "status": [],
                           "tag": [],
                           "tier": []
                        }
                     }
                  },
                  {
                     "id": "extModel65871-1",
                     "resourceKindId": "resourceKind:id:2_::_",
                     "resourceKindName": "Host System",
                     "tagFilter": {
                        "path": [
                           "/source/healthRange/healthRange:0",
                           "/source/healthRange/healthRange:1",
                           "/source/healthRange/healthRange:2",
                           "/source/healthRange/healthRange:3",
                           "/source/instanceKind/instanceKind:resourceKind:id:0_::_/adapterInstance:resource:id:1_::_",
                           "/source/instanceKind/instanceKind:resourceKind:id:0_::_/adapterInstance:resource:id:2_::_"
                        ],
                        "value": {
                           "adapterInstance": [
                              "resource:id:1_::_",
                              "resource:id:2_::_"
                           ],
                           "adapterKind": [],
                           "bus": [],
                           "collector": [],
                           "day": [],
                           "exclaim": false,
                           "healthRange": [
                              "0",
                              "1",
                              "2",
                              "3"
                           ],
                           "kind": [],
                           "maintenanceSchedule": [],
                           "state": [],
                           "status": [],
                           "tag": [],
                           "tier": []
                        }
                     }
                  }
               ],
               "mode": "custom",
               "refreshContent": {"refreshContent": true},
               "refreshInterval": 300,
               "resource": {
                  "resourceId": "resource:id:0_::_",
                  "resourceName": "vSphere World"
               },
               "selfProvider": {"selfProvider": true},
               "title": "Environment Overview Hasselt"
            },
            "gridsterCoords": {
               "h": 8,
               "w": 4,
               "x": 1,
               "y": 5
            },
            "height": 438,
            "id": "d0903a78-bc60-48bc-98b3-36e12665e228",
            "states": [
               {
                  "key": "permMetricStatesSelected_permSkittlesView_widget_0d18e919-2425-4855-8814-3e31a8eca9dd_d0903a78-bc60-48bc-98b3-36e12665e228",
                  "value": "a%3An%253A1%5En%253A2%5En%253A3%5En%253A4"
               },
               {
                  "key": "permSkittlesView_widget_0d18e919-2425-4855-8814-3e31a8eca9dd_d0903a78-bc60-48bc-98b3-36e12665e228",
                  "value": "o%3A"
               },
               {
                  "key": "perm_toolbarVisible_widget_0d18e919-2425-4855-8814-3e31a8eca9dd_d0903a78-bc60-48bc-98b3-36e12665e228",
                  "value": "b%3A0"
               }
            ],
            "title": "Environment Overview Hasselt",
            "type": "Skittles"
         },
         {
            "collapsed": false,
            "config": {
               "configs": [{
                  "attributeKind": {"value": ""},
                  "color": {
                     "maxValue": 7.5,
                     "minValue": 0,
                     "thresholds": {
                        "colors": [
                           "#00FF00",
                           "#888800",
                           "#ff0000"
                        ],
                        "values": [
                           0,
                           50,
                           100
                        ]
                     }
                  },
                  "colorBy": {
                     "metricKey": "cpu|capacity_contentionPct",
                     "value": "CPU|Contention (%)"
                  },
                  "customFilter": null,
                  "filterMode": "tagPicker",
                  "focusOnGroups": true,
                  "groupBy": {
                     "id": "004null002006VMWAREClusterComputeResource",
                     "parentId": "VMWARE",
                     "parentText": "vCenter Adapter",
                     "text": "Cluster Compute Resource",
                     "type": "resourceKind",
                     "typeId": "resourceKind:id:1_::_"
                  },
                  "mode": {"mode": false},
                  "name": "Host heatmap sized by CPU demand and colored by CPU contention",
                  "relationalGrouping": false,
                  "resourceKind": "resourceKind:id:2_::_",
                  "sizeBy": {
                     "metricKey": "cpu|demandPct",
                     "value": "CPU|Demand (%)"
                  },
                  "solidColoring": false,
                  "tagFilter": null,
                  "thenBy": null
               }],
               "depth": 10,
               "mode": "resource",
               "refreshContent": {"refreshContent": true},
               "refreshInterval": 300,
               "relationshipMode": {"relationshipMode": [
                  1,
                  -1,
                  0
               ]},
               "resource": [
                  {
                     "id": "resource:id:2_::_",
                     "name": "SHARBEHAVCSA003"
                  },
                  {
                     "id": "resource:id:1_::_",
                     "name": "SHARBEHAVCSA002"
                  }
               ],
               "selfProvider": {"selfProvider": true},
               "title": "Host sized by cpu demand vs cpu contention",
               "value": 0
            },
            "gridsterCoords": {
               "h": 6,
               "w": 4,
               "x": 5,
               "y": 7
            },
            "height": 324,
            "id": "42364504-678a-490a-a5df-a3332554db7f",
            "states": [
               {
                  "key": "perm_toolbarVisible_widget_0d18e919-2425-4855-8814-3e31a8eca9dd_42364504-678a-490a-a5df-a3332554db7f",
                  "value": "b%3A0"
               },
               {
                  "key": "perm_HeatMap_widget_0d18e919-2425-4855-8814-3e31a8eca9dd_42364504-678a-490a-a5df-a3332554db7f",
                  "value": "o%3A"
               }
            ],
            "title": "Host sized by cpu demand vs cpu contention",
            "type": "Heatmap"
         },
         {
            "collapsed": false,
            "config": {
               "configs": [{
                  "attributeKind": {"value": ""},
                  "color": {
                     "maxValue": 10,
                     "minValue": 0,
                     "thresholds": {
                        "colors": [
                           "#00FF00",
                           "#888800",
                           "#ff0000"
                        ],
                        "values": [
                           0,
                           50,
                           100
                        ]
                     }
                  },
                  "colorBy": {
                     "metricKey": "mem|host_contentionPct",
                     "value": "Memory|Contention (%)"
                  },
                  "customFilter": null,
                  "filterMode": "tagPicker",
                  "focusOnGroups": true,
                  "groupBy": {
                     "id": "004null002006VMWAREClusterComputeResource",
                     "parentId": "VMWARE",
                     "parentText": "vCenter Adapter",
                     "text": "Cluster Compute Resource",
                     "type": "resourceKind",
                     "typeId": "resourceKind:id:1_::_"
                  },
                  "mode": {"mode": false},
                  "name": "Host heatmap sized by usage colored by contention",
                  "relationalGrouping": false,
                  "resourceKind": "resourceKind:id:2_::_",
                  "sizeBy": {
                     "metricKey": "mem|usage_average",
                     "value": "Memory|Usage (%)"
                  },
                  "solidColoring": false,
                  "tagFilter": null,
                  "thenBy": null
               }],
               "depth": 10,
               "mode": "resource",
               "refreshContent": {"refreshContent": true},
               "refreshInterval": 300,
               "relationshipMode": {"relationshipMode": [
                  1,
                  -1,
                  0
               ]},
               "resource": [
                  {
                     "id": "resource:id:1_::_",
                     "name": "SHARBEHAVCSA002"
                  },
                  {
                     "id": "resource:id:2_::_",
                     "name": "SHARBEHAVCSA003"
                  }
               ],
               "selfProvider": {"selfProvider": true},
               "title": "Host sized by Memory demand vs Memory contention",
               "value": 0
            },
            "gridsterCoords": {
               "h": 6,
               "w": 4,
               "x": 5,
               "y": 13
            },
            "height": 324,
            "id": "7b72243e-545a-4837-a1f3-5c9de4b022eb",
            "states": [{
               "key": "perm_HeatMap_widget_0d18e919-2425-4855-8814-3e31a8eca9dd_7b72243e-545a-4837-a1f3-5c9de4b022eb",
               "value": "o%3A"
            }],
            "title": "Host sized by Memory demand vs Memory contention",
            "type": "Heatmap"
         },
         {
            "collapsed": false,
            "config": {
               "configs": [{
                  "attributeKind": {"value": ""},
                  "color": {
                     "maxValue": 30,
                     "minValue": 0,
                     "thresholds": {
                        "colors": [
                           "#00ff00",
                           "#888800",
                           "#ff0000"
                        ],
                        "values": [
                           0,
                           50,
                           100
                        ]
                     }
                  },
                  "colorBy": {
                     "metricKey": "net|droppedTx_summation",
                     "value": "Network|Transmitted Packets Dropped"
                  },
                  "filterMode": "tagPicker",
                  "focusOnGroups": true,
                  "groupBy": {
                     "id": "004null002006VMWAREClusterComputeResource",
                     "originalText": "Cluster Compute Resource",
                     "parentId": "VMWARE",
                     "parentText": "vCenter Adapter",
                     "text": "Cluster Compute Resource",
                     "type": "resourceKind",
                     "typeId": "resourceKind:id:1_::_"
                  },
                  "mode": {"mode": false},
                  "name": "Latency",
                  "relationalGrouping": false,
                  "resourceKind": "resourceKind:id:2_::_",
                  "sizeBy": {
                     "metricKey": "net|usage_average",
                     "value": "Network|Usage Rate (KBps)"
                  },
                  "solidColoring": false,
                  "thenBy": null
               }],
               "depth": 10,
               "mode": "resource",
               "refreshContent": {"refreshContent": false},
               "refreshInterval": 300,
               "relationshipMode": {"relationshipMode": [
                  1,
                  -1,
                  0
               ]},
               "resource": [
                  {
                     "id": "resource:id:2_::_",
                     "name": "SHARBEHAVCSA003"
                  },
                  {
                     "id": "resource:id:1_::_",
                     "name": "SHARBEHAVCSA002"
                  }
               ],
               "selfProvider": {"selfProvider": true},
               "title": "Host network sized by Usage rate vs transmitted packets dropped",
               "value": 0
            },
            "gridsterCoords": {
               "h": 6,
               "w": 4,
               "x": 9,
               "y": 13
            },
            "height": 324,
            "id": "192697c7-3776-4f11-983b-d1d73e3bf413",
            "states": [{
               "key": "perm_HeatMap_widget_0d18e919-2425-4855-8814-3e31a8eca9dd_192697c7-3776-4f11-983b-d1d73e3bf413",
               "value": "o%3A"
            }],
            "title": "Host network sized by Usage rate vs transmitted packets dropped",
            "type": "Heatmap"
         },
         {
            "collapsed": false,
            "config": {
               "configs": [{
                  "attributeKind": {
                     "id": "datastore|totalLatency_average",
                     "value": "Datastore|Total Latency (ms)"
                  },
                  "attributePaths": ["/root/allMetricsRoot/GROUP_datastore/datastore|totalLatency_average"],
                  "color": {
                     "maxValue": 50,
                     "minValue": 0,
                     "thresholds": {
                        "colors": [
                           "#00ff00",
                           "#888800",
                           "#ff0000"
                        ],
                        "values": [
                           0,
                           50,
                           100
                        ]
                     }
                  },
                  "colorBy": {
                     "metricKey": "devices:Aggregate of all instances|deviceLatency_average",
                     "value": "Devices:Aggregate of all instances|Physical Device Latency (ms)"
                  },
                  "filterMode": "tagPicker",
                  "focusOnGroups": true,
                  "groupBy": {
                     "id": "004null002006VMWAREClusterComputeResource",
                     "originalText": "Cluster Compute Resource",
                     "parentId": "VMWARE",
                     "parentText": "vCenter Adapter",
                     "text": "Cluster Compute Resource",
                     "type": "resourceKind",
                     "typeId": "resourceKind:id:1_::_"
                  },
                  "mode": {"mode": false},
                  "name": "Datastore with high latency",
                  "relationalGrouping": false,
                  "resourceKind": "resourceKind:id:3_::_",
                  "sizeBy": {
                     "metricKey": "capacity|usedSpacePct",
                     "value": "Capacity|Used Space (%)"
                  },
                  "solidColoring": false,
                  "thenBy": null
               }],
               "depth": 10,
               "mode": "resource",
               "refreshContent": {"refreshContent": false},
               "refreshInterval": 300,
               "relationshipMode": {"relationshipMode": [
                  1,
                  -1,
                  0
               ]},
               "resource": [
                  {
                     "id": "resource:id:2_::_",
                     "name": "SHARBEHAVCSA003"
                  },
                  {
                     "id": "resource:id:1_::_",
                     "name": "SHARBEHAVCSA002"
                  }
               ],
               "selfProvider": {"selfProvider": true},
               "title": "DS sized by Used space vs total latency",
               "value": 0
            },
            "gridsterCoords": {
               "h": 6,
               "w": 4,
               "x": 9,
               "y": 7
            },
            "height": 324,
            "id": "d8a49ee8-458b-40bd-9d02-19a590379a53",
            "states": [{
               "key": "perm_HeatMap_widget_0d18e919-2425-4855-8814-3e31a8eca9dd_d8a49ee8-458b-40bd-9d02-19a590379a53",
               "value": "o%3A"
            }],
            "title": "DS sized by Used space vs total latency",
            "type": "Heatmap"
         },
         {
            "collapsed": false,
            "config": {
               "alertAction": [],
               "alertImpact": [],
               "criticalityLevel": [
                  3,
                  4
               ],
               "customFilter": {
                  "excludedResources": null,
                  "filter": [
                     {
                        "filterTypes": [],
                        "resourceKind": "002006VMWAREHostSystem"
                     },
                     {
                        "filterTypes": [],
                        "resourceKind": "002006VMWAREDistributedVirtualPortgroup"
                     },
                     {
                        "filterTypes": [],
                        "resourceKind": "002006VMWAREDatastore"
                     }
                  ],
                  "includedResources": null
               },
               "depth": 1,
               "filterMode": "customFilter",
               "mode": "all",
               "refreshContent": {"refreshContent": false},
               "refreshInterval": 300,
               "relationshipMode": {"relationshipMode": [
                  -1,
                  0
               ]},
               "resource": [{
                  "id": "resource:id:3_::_",
                  "name": "sharbehavcsa001"
               }],
               "selfProvider": {"selfProvider": true},
               "state": [],
               "status": [0],
               "tagFilter": null,
               "title": "Alert List",
               "type": []
            },
            "gridsterCoords": {
               "h": 6,
               "w": 8,
               "x": 5,
               "y": 1
            },
            "height": 324,
            "id": "491e8fe9-378d-4129-9e77-95913627e26b",
            "states": [
               {
                  "key": "permAlertGrid_perm_widget_0d18e919-2425-4855-8814-3e31a8eca9dd_491e8fe9-378d-4129-9e77-95913627e26b",
                  "value": "o%3Acolumns%3Da%253Ao%25253Aid%25253Ds%2525253Ah1%25255Ehidden%25253Db%2525253A1%25255Ewidth%25253Dn%2525253A100%255Eo%25253Aid%25253Ds%2525253Ah2%25255Ewidth%25253Dn%2525253A58%255Eo%25253Aid%25253Ds%2525253Ah3%25255Ewidth%25253Dn%2525253A464%255Eo%25253Aid%25253Ds%2525253Ah4%25255Ewidth%25253Dn%2525253A310%255Eo%25253Aid%25253Ds%2525253Ah5%255Eo%25253Aid%25253Ds%2525253Ah6%25255Ehidden%25253Db%2525253A1%255Eo%25253Aid%25253Ds%2525253Ah7%25255Ehidden%25253Db%2525253A1%255Eo%25253Aid%25253Ds%2525253Ah8%25255Ehidden%25253Db%2525253A1%255Eo%25253Aid%25253Ds%2525253Ah9%25255Ehidden%25253Db%2525253A1%255Eo%25253Aid%25253Ds%2525253Ah10%25255Ehidden%25253Db%2525253A1%255Eo%25253Aid%25253Ds%2525253Ah11%25255Ehidden%25253Db%2525253A1%255Eo%25253Aid%25253Ds%2525253Ah12%25255Ehidden%25253Db%2525253A1%255Eo%25253Aid%25253Ds%2525253Ah13%25255Ehidden%25253Db%2525253A1%255Eo%25253Aid%25253Ds%2525253Ah14%25255Ehidden%25253Db%2525253A1%5EstoreState%3Do%253Asorters%253Da%25253Ao%2525253Aroot%2525253Ds%252525253Adata%2525255Eproperty%2525253Ds%252525253AstartTimeUtc%2525255Edirection%2525253Ds%252525253ADESC%2525255Eid%2525253Ds%252525253AstartTimeUtc"
               },
               {
                  "key": "permDateFilter_widget_0d18e919-2425-4855-8814-3e31a8eca9dd_491e8fe9-378d-4129-9e77-95913627e26b",
                  "value": "s%3A%7B%22dateRange%22%3A%22last30Days%22%2C%22dateFrom%22%3Anull%2C%22dateTo%22%3Anull%2C%22timeFrom%22%3Anull%2C%22timeTo%22%3Anull%7D"
               },
               {
                  "key": "permViewMode_widget_0d18e919-2425-4855-8814-3e31a8eca9dd_491e8fe9-378d-4129-9e77-95913627e26b",
                  "value": "s%3Anone"
               },
               {
                  "key": "perm_toolbarVisible_widget_0d18e919-2425-4855-8814-3e31a8eca9dd_491e8fe9-378d-4129-9e77-95913627e26b",
                  "value": "b%3A1"
               }
            ],
            "title": "Alert List",
            "type": "AlertList"
         },
         {
            "collapsed": false,
            "config": {
               "imageType": "gear",
               "metricType": {"metricType": "health"},
               "metricValue": "",
               "refreshContent": {"refreshContent": true},
               "refreshInterval": 300,
               "resources": [
                  {
                     "id": "67ce3405-5c94-469b-ae64-3614d6577a81",
                     "name": "vROps Health"
                  },
                  {
                     "id": "6d7d01f8-4911-402a-a7a1-7cbaf1710dbc",
                     "name": "vCenter Health"
                  },
                  {
                     "id": "0bfa7ca0-c2d7-4242-af49-ca3a05a9cfc5",
                     "name": "VRO Health"
                  },
                  {
                     "id": "ea6881e0-5846-4ace-bde7-e2a9415daea1",
                     "name": "SRM Health"
                  }
               ],
               "selfProvider": {"selfProvider": true},
               "title": "Health overview"
            },
            "gridsterCoords": {
               "h": 4,
               "w": 4,
               "x": 1,
               "y": 1
            },
            "height": 210,
            "id": "6534c5a7-b6cc-4498-9a1a-66f2d59797fa",
            "title": "Health overview",
            "type": "ScoreboardHealth"
         },
         {
            "collapsed": false,
            "config": {
               "configs": [{
                  "attributeKind": {"value": ""},
                  "color": {"thresholds": {
                     "colors": [
                        "#00ff00",
                        "#888800",
                        "#ff0000"
                     ],
                     "values": [
                        0,
                        50,
                        100
                     ]
                  }},
                  "colorBy": {
                     "metricKey": "mem|swapout_average",
                     "value": "Memory|Swap Out (KB)"
                  },
                  "customFilter": {
                     "excludedResources": null,
                     "filter": [],
                     "includedResources": null
                  },
                  "filterMode": "tagPicker",
                  "focusOnGroups": true,
                  "groupBy": {
                     "id": "004null002006VMWAREClusterComputeResource",
                     "originalText": "Cluster Compute Resource",
                     "parentId": "VMWARE",
                     "parentText": "vCenter Adapter",
                     "text": "Cluster Compute Resource",
                     "type": "resourceKind",
                     "typeId": "resourceKind:id:1_::_"
                  },
                  "mode": {"mode": false},
                  "name": "Host sized by Memory Demand vs Swapping",
                  "relationalGrouping": false,
                  "resourceKind": "resourceKind:id:2_::_",
                  "sizeBy": {
                     "metricKey": "mem|usage_average",
                     "value": "Memory|Usage (%)"
                  },
                  "solidColoring": false,
                  "tagFilter": null,
                  "thenBy": null
               }],
               "depth": 10,
               "mode": "resource",
               "refreshContent": {"refreshContent": true},
               "refreshInterval": 300,
               "relationshipMode": {"relationshipMode": [
                  1,
                  -1,
                  0
               ]},
               "resource": [
                  {
                     "id": "resource:id:2_::_",
                     "name": "SHARBEHAVCSA003"
                  },
                  {
                     "id": "resource:id:1_::_",
                     "name": "SHARBEHAVCSA002"
                  }
               ],
               "selfProvider": {"selfProvider": true},
               "title": "Host sized by Mem demand vs Swapping",
               "value": 0
            },
            "gridsterCoords": {
               "h": 6,
               "w": 4,
               "x": 1,
               "y": 13
            },
            "height": 324,
            "id": "50a18802-c8c6-4bc1-9e2f-04c6dbeabfe1",
            "states": [{
               "key": "perm_HeatMap_widget_0d18e919-2425-4855-8814-3e31a8eca9dd_50a18802-c8c6-4bc1-9e2f-04c6dbeabfe1",
               "value": "o%3A"
            }],
            "title": "Host sized by Mem demand vs Swapping",
            "type": "Heatmap"
         }
      ]
   }],
   "entries": {
      "resource": [
         {
            "adapterKindKey": "VMWARE",
            "identifiers": [],
            "internalId": "resource:id:0_::_",
            "name": "vSphere World",
            "resourceKindKey": "vSphere World"
         },
         {
            "adapterKindKey": "VMWARE",
            "identifiers": [{
               "key": "VCURL",
               "value": "sharbehavcsa002.cegekavirtual.local"
            }],
            "internalId": "resource:id:1_::_",
            "name": "SHARBEHAVCSA002",
            "resourceKindKey": "VMwareAdapter Instance"
         },
         {
            "identifiers": [],
            "internalId": "resource:id:3_::_"
         },
         {
            "adapterKindKey": "VMWARE",
            "identifiers": [{
               "key": "VCURL",
               "value": "sharbehavcsa003.cegekavirtual.local"
            }],
            "internalId": "resource:id:2_::_",
            "name": "SHARBEHAVCSA003",
            "resourceKindKey": "VMwareAdapter Instance"
         }
      ],
      "resourceKind": [
         {
            "adapterKindKey": "VMWARE",
            "internalId": "resourceKind:id:2_::_",
            "resourceKindKey": "HostSystem"
         },
         {
            "adapterKindKey": "VMWARE",
            "internalId": "resourceKind:id:0_::_",
            "resourceKindKey": "VMwareAdapter Instance"
         },
         {
            "adapterKindKey": "VMWARE",
            "internalId": "resourceKind:id:1_::_",
            "resourceKindKey": "ClusterComputeResource"
         },
         {
            "adapterKindKey": "VMWARE",
            "internalId": "resourceKind:id:3_::_",
            "resourceKindKey": "Datastore"
         }
      ]
   },
   "uuid": "9e87969f-8c70-4b65-959e-8948f40ead0a"
}