<?xml version="1.0" encoding="UTF-8" standalone="yes"?>
<Content>
    <Views>
        <ViewDef id="321176b4-1242-4582-9deb-620d60f0d4dd">
            <Title>SHAR - Alert list</Title>
            <Description>Show a list of alerts based on input (vcenter)</Description>
            <SubjectType adapterKind="System" filter="[[{&quot;filterType&quot;:&quot;metrics&quot;,&quot;metricKey&quot;:&quot;status&quot;,&quot;condition&quot;:&quot;EQUALS&quot;,&quot;metricValue&quot;:{&quot;values&quot;:[&quot;ALERT_STATUS_ACTIVE&quot;]}},{&quot;filterType&quot;:&quot;metrics&quot;,&quot;metricKey&quot;:&quot;objectType&quot;,&quot;condition&quot;:&quot;NOT_CONTAINS&quot;,&quot;metricValue&quot;:{&quot;values&quot;:[&quot;Virtual Machine&quot;]}},{&quot;filterType&quot;:&quot;metrics&quot;,&quot;metricKey&quot;:&quot;criticalityLevel&quot;,&quot;condition&quot;:&quot;EQUALS&quot;,&quot;metricValue&quot;:{&quot;values&quot;:[&quot;ALERT_CRITICALITY_LEVEL_CRITICAL&quot;]}},{&quot;filterType&quot;:&quot;metrics&quot;,&quot;metricKey&quot;:&quot;objectType&quot;,&quot;condition&quot;:&quot;NOT_CONTAINS&quot;,&quot;metricValue&quot;:{&quot;values&quot;:[&quot;HPE 3PAR&quot;]}}]]" resourceKind="alert" type="descendant"/>
            <SubjectType adapterKind="System" filter="[[{&quot;filterType&quot;:&quot;metrics&quot;,&quot;metricKey&quot;:&quot;status&quot;,&quot;condition&quot;:&quot;EQUALS&quot;,&quot;metricValue&quot;:{&quot;values&quot;:[&quot;ALERT_STATUS_ACTIVE&quot;]}},{&quot;filterType&quot;:&quot;metrics&quot;,&quot;metricKey&quot;:&quot;objectType&quot;,&quot;condition&quot;:&quot;NOT_CONTAINS&quot;,&quot;metricValue&quot;:{&quot;values&quot;:[&quot;Virtual Machine&quot;]}},{&quot;filterType&quot;:&quot;metrics&quot;,&quot;metricKey&quot;:&quot;criticalityLevel&quot;,&quot;condition&quot;:&quot;EQUALS&quot;,&quot;metricValue&quot;:{&quot;values&quot;:[&quot;ALERT_CRITICALITY_LEVEL_CRITICAL&quot;]}},{&quot;filterType&quot;:&quot;metrics&quot;,&quot;metricKey&quot;:&quot;objectType&quot;,&quot;condition&quot;:&quot;NOT_CONTAINS&quot;,&quot;metricValue&quot;:{&quot;values&quot;:[&quot;HPE 3PAR&quot;]}}]]" resourceKind="alert" type="self"/>
            <Usage>dashboard</Usage>
            <Usage>report</Usage>
            <Usage>details</Usage>
            <Usage>content</Usage>
            <Controls>
                <Control id="time-interval-selector_id_758" type="time-interval-selector" visible="false">
                    <Property name="advancedTimeMode" value="false"/>
                    <Property name="unit" value="YEARS"/>
                    <Property name="count" value="1"/>
                </Control>
                <Control id="attributes-selector_id_759" type="attributes-selector" visible="false">
                    <Property name="attributeInfos">
                        <List>
                            <Item>
<Value>
    <Property name="objectType" value="RESOURCE"/>
    <Property name="attributeKey" value="resourceName"/>
    <Property name="isStringAttribute" value="true"/>
    <Property name="adapterKind" value="System"/>
    <Property name="resourceKind" value="alert"/>
    <Property name="rollUpType" value="AVG"/>
    <Property name="rollUpUnit" value="MINUTES"/>
    <Property name="rollUpCount" value="5"/>
    <Property name="transformations">
        <List>
            <Item value="CURRENT"/>
        </List>
    </Property>
    <Property name="redBound" value="01h:00m:00s"/>
    <Property name="ascendingRange" value="true"/>
    <Property name="addTimestampAsColumn" value="false"/>
    <Property name="isShowRelativeTimestamp" value="false"/>
</Value>
                            </Item>
                            <Item>
<Value>
    <Property name="objectType" value="RESOURCE"/>
    <Property name="attributeKey" value="criticalityLevel"/>
    <Property name="isStringAttribute" value="true"/>
    <Property name="adapterKind" value="System"/>
    <Property name="resourceKind" value="alert"/>
    <Property name="rollUpType" value="AVG"/>
    <Property name="rollUpUnit" value="MINUTES"/>
    <Property name="rollUpCount" value="5"/>
    <Property name="transformations">
        <List>
            <Item value="CURRENT"/>
        </List>
    </Property>
    <Property name="addTimestampAsColumn" value="false"/>
    <Property name="isShowRelativeTimestamp" value="false"/>
</Value>
                            </Item>
                            <Item>
<Value>
    <Property name="objectType" value="RESOURCE"/>
    <Property name="attributeKey" value="objectType"/>
    <Property name="isStringAttribute" value="true"/>
    <Property name="adapterKind" value="System"/>
    <Property name="resourceKind" value="alert"/>
    <Property name="rollUpCount" value="0"/>
    <Property name="transformations">
        <List>
            <Item value="CURRENT"/>
        </List>
    </Property>
    <Property name="isProperty" value="false"/>
    <Property name="addTimestampAsColumn" value="false"/>
    <Property name="isShowRelativeTimestamp" value="false"/>
</Value>
                            </Item>
                            <Item>
<Value>
    <Property name="objectType" value="RESOURCE"/>
    <Property name="attributeKey" value="creationDate"/>
    <Property name="isStringAttribute" value="true"/>
    <Property name="adapterKind" value="System"/>
    <Property name="resourceKind" value="alert"/>
    <Property name="rollUpType" value="AVG"/>
    <Property name="rollUpUnit" value="MINUTES"/>
    <Property name="rollUpCount" value="5"/>
    <Property name="transformations">
        <List>
            <Item value="CURRENT"/>
        </List>
    </Property>
    <Property name="sortCriteria" value="false"/>
    <Property name="addTimestampAsColumn" value="false"/>
    <Property name="isShowRelativeTimestamp" value="false"/>
</Value>
                            </Item>
                            <Item>
<Value>
    <Property name="objectType" value="RESOURCE"/>
    <Property name="attributeKey" value="updateDate"/>
    <Property name="isStringAttribute" value="true"/>
    <Property name="adapterKind" value="System"/>
    <Property name="resourceKind" value="alert"/>
    <Property name="rollUpType" value="AVG"/>
    <Property name="rollUpUnit" value="MINUTES"/>
    <Property name="rollUpCount" value="5"/>
    <Property name="transformations">
        <List>
            <Item value="CURRENT"/>
        </List>
    </Property>
    <Property name="addTimestampAsColumn" value="false"/>
    <Property name="isShowRelativeTimestamp" value="false"/>
</Value>
                            </Item>
                            <Item>
<Value>
    <Property name="objectType" value="RESOURCE"/>
    <Property name="attributeKey" value="duration"/>
    <Property name="isStringAttribute" value="true"/>
    <Property name="adapterKind" value="System"/>
    <Property name="resourceKind" value="alert"/>
    <Property name="rollUpType" value="AVG"/>
    <Property name="rollUpUnit" value="MINUTES"/>
    <Property name="rollUpCount" value="5"/>
    <Property name="transformations">
        <List>
            <Item value="CURRENT"/>
        </List>
    </Property>
    <Property name="redBound" value="25:00:00"/>
    <Property name="ascendingRange" value="true"/>
    <Property name="addTimestampAsColumn" value="false"/>
    <Property name="isShowRelativeTimestamp" value="false"/>
</Value>
                            </Item>
                            <Item>
<Value>
    <Property name="objectType" value="RESOURCE"/>
    <Property name="attributeKey" value="ownerId"/>
    <Property name="isStringAttribute" value="true"/>
    <Property name="adapterKind" value="System"/>
    <Property name="resourceKind" value="alert"/>
    <Property name="rollUpCount" value="0"/>
    <Property name="transformations">
        <List>
            <Item value="CURRENT"/>
        </List>
    </Property>
    <Property name="isProperty" value="false"/>
    <Property name="addTimestampAsColumn" value="false"/>
    <Property name="isShowRelativeTimestamp" value="false"/>
</Value>
                            </Item>
                        </List>
                    </Property>
                </Control>
                <Control id="pagination-control_id_760" type="pagination-control" visible="true">
                    <Property name="start" value="0"/>
                    <Property name="size" value="50"/>
                </Control>
                <Control id="metadata_id_761" type="metadata" visible="false">
                    <Property name="maxPointsCount" value="5000"/>
                    <Property name="distributionColor" value="6870C4"/>
                    <Property name="hideObjectNameColumn" value="false"/>
                    <Property name="listTopResultSize" value="-1"/>
                </Control>
            </Controls>
            <DataProviders>
                <DataProvider dataType="list-view" id="list-view_id_757"/>
            </DataProviders>
            <Presentation type="list"/>
        </ViewDef>
    </Views>
</Content>
