{
   "dashboards": [{
      "autoswitchEnabled": false,
      "columnCount": 1,
      "columnProportion": "1",
      "creationTime": 1576655128256,
      "dashboardNavigations": {},
      "description": "",
      "disabled": false,
      "gridsterMaxColumns": 12,
      "hidden": false,
      "homeTab": false,
      "id": "1ba99f89-bd6e-4e3e-8b2f-9107ff74a468",
      "importAttempts": 0,
      "importComplete": true,
      "isDefault": false,
      "locked": false,
      "name": "Cegeka/Main dashboard",
      "namePath": "Cegeka",
      "rank": 1,
      "shared": true,
      "states": [],
      "temporary": false,
      "userId": "b026a0a5-d2ed-4221-b5c2-e7eed29c213e",
      "widgetInteractions": [],
      "widgets": [
         {
            "collapsed": false,
            "config": {
               "badge": [
                  {
                     "badgeKey": "health",
                     "badgeName": "Health",
                     "label": null,
                     "show": true
                  },
                  {
                     "badgeKey": "risk",
                     "badgeName": "Risk",
                     "label": null,
                     "show": true
                  },
                  {
                     "badgeKey": "efficiency",
                     "badgeName": "Efficiency",
                     "label": null,
                     "show": true
                  }
               ],
               "custom": [
                  {
                     "id": "extModel7207-1",
                     "resourceKindId": "resourceKind:id:0_::_",
                     "resourceKindName": "vCenter Server",
                     "tagFilter": {
                        "path": [
                           "/source/healthRange/healthRange:2",
                           "/source/healthRange/healthRange:3",
                           "/source/healthRange/healthRange:0",
                           "/source/healthRange/healthRange:1"
                        ],
                        "value": {
                           "adapterInstance": [],
                           "adapterKind": [],
                           "bus": [],
                           "collector": [],
                           "day": [],
                           "exclaim": false,
                           "healthRange": [
                              "2",
                              "3",
                              "0",
                              "1"
                           ],
                           "kind": [],
                           "maintenanceSchedule": [],
                           "state": [],
                           "status": [],
                           "tag": [],
                           "tier": []
                        }
                     }
                  },
                  {
                     "id": "extModel56975-1",
                     "resourceKindId": "resourceKind:id:1_::_",
                     "resourceKindName": "Cluster Compute Resource",
                     "tagFilter": {
                        "path": [
                           "/source/healthRange/healthRange:1",
                           "/source/healthRange/healthRange:2",
                           "/source/healthRange/healthRange:3",
                           "/source/healthRange/healthRange:0"
                        ],
                        "value": {
                           "adapterInstance": [],
                           "adapterKind": [],
                           "bus": [],
                           "collector": [],
                           "day": [],
                           "exclaim": false,
                           "healthRange": [
                              "1",
                              "2",
                              "3",
                              "0"
                           ],
                           "kind": [],
                           "maintenanceSchedule": [],
                           "state": [],
                           "status": [],
                           "tag": [],
                           "tier": []
                        }
                     }
                  },
                  {
                     "id": "extModel65871-1",
                     "resourceKindId": "resourceKind:id:2_::_",
                     "resourceKindName": "Host System",
                     "tagFilter": {
                        "path": [
                           "/source/healthRange/healthRange:0",
                           "/source/healthRange/healthRange:1",
                           "/source/healthRange/healthRange:2",
                           "/source/healthRange/healthRange:3"
                        ],
                        "value": {
                           "adapterInstance": [],
                           "adapterKind": [],
                           "bus": [],
                           "collector": [],
                           "day": [],
                           "exclaim": false,
                           "healthRange": [
                              "0",
                              "1",
                              "2",
                              "3"
                           ],
                           "kind": [],
                           "maintenanceSchedule": [],
                           "state": [],
                           "status": [],
                           "tag": [],
                           "tier": []
                        }
                     }
                  }
               ],
               "mode": "custom",
               "refreshContent": {"refreshContent": true},
               "refreshInterval": 300,
               "resource": {
                  "resourceId": "resource:id:0_::_",
                  "resourceName": "vSphere World"
               },
               "selfProvider": {"selfProvider": true},
               "title": "Environment Overview"
            },
            "gridsterCoords": {
               "h": 11,
               "w": 4,
               "x": 1,
               "y": 6
            },
            "height": 609,
            "id": "adc5b1c1-0552-427b-b304-8e972bc3ef3b",
            "states": [{
               "key": "permSkittlesView_widget_1ba99f89-bd6e-4e3e-8b2f-9107ff74a468_adc5b1c1-0552-427b-b304-8e972bc3ef3b",
               "value": "o%3A"
            }],
            "title": "Environment Overview",
            "type": "Skittles"
         },
         {
            "collapsed": false,
            "config": {
               "configs": [{
                  "attributeKind": {"value": ""},
                  "color": {
                     "maxValue": 15,
                     "minValue": 0,
                     "thresholds": {
                        "colors": [
                           "#008000",
                           "#888800",
                           "#ff0000"
                        ],
                        "values": [
                           0,
                           50,
                           100
                        ]
                     }
                  },
                  "colorBy": {
                     "metricKey": "cpu|capacity_contentionPct",
                     "value": "CPU|Contention (%)"
                  },
                  "customFilter": null,
                  "filterMode": "tagPicker",
                  "focusOnGroups": false,
                  "groupBy": {
                     "id": "004null002006VMWAREClusterComputeResource",
                     "parentId": "VMWARE",
                     "parentText": "vCenter Adapter",
                     "text": "Cluster Compute Resource",
                     "type": "resourceKind",
                     "typeId": "resourceKind:id:1_::_"
                  },
                  "mode": {"mode": false},
                  "name": "Host heatmap sized by CPU demand and colored by CPU contention",
                  "relationalGrouping": false,
                  "resourceKind": "resourceKind:id:2_::_",
                  "sizeBy": {
                     "metricKey": "cpu|demandPct",
                     "value": "CPU|Demand (%)"
                  },
                  "solidColoring": false,
                  "tagFilter": null,
                  "thenBy": null
               }],
               "depth": 10,
               "mode": "all",
               "refreshContent": {"refreshContent": true},
               "refreshInterval": 300,
               "relationshipMode": {"relationshipMode": [
                  1,
                  -1,
                  0
               ]},
               "resource": [],
               "selfProvider": {"selfProvider": false},
               "title": "Host sized by cpu demand vs cpu contention",
               "value": 0
            },
            "gridsterCoords": {
               "h": 5,
               "w": 4,
               "x": 5,
               "y": 6
            },
            "height": 267,
            "id": "64e7f8f0-24bd-462f-99e3-87d701507991",
            "states": [{
               "key": "perm_HeatMap_widget_1ba99f89-bd6e-4e3e-8b2f-9107ff74a468_64e7f8f0-24bd-462f-99e3-87d701507991",
               "value": "o%3A"
            }],
            "title": "Host sized by cpu demand vs cpu contention",
            "type": "Heatmap"
         },
         {
            "collapsed": false,
            "config": {
               "configs": [{
                  "attributeKind": {"value": ""},
                  "color": {
                     "maxValue": 10,
                     "minValue": 0,
                     "thresholds": {
                        "colors": [
                           "#008000",
                           "#888800",
                           "#ff0000"
                        ],
                        "values": [
                           0,
                           50,
                           100
                        ]
                     }
                  },
                  "colorBy": {
                     "metricKey": "mem|host_contentionPct",
                     "value": "Memory|Contention (%)"
                  },
                  "customFilter": null,
                  "filterMode": "tagPicker",
                  "focusOnGroups": false,
                  "groupBy": {
                     "id": "004null002006VMWAREClusterComputeResource",
                     "parentId": "VMWARE",
                     "parentText": "vCenter Adapter",
                     "text": "Cluster Compute Resource",
                     "type": "resourceKind",
                     "typeId": "resourceKind:id:1_::_"
                  },
                  "mode": {"mode": false},
                  "name": "Host heatmap sized by usage colored by contention",
                  "relationalGrouping": false,
                  "resourceKind": "resourceKind:id:2_::_",
                  "sizeBy": {
                     "metricKey": "mem|usage_average",
                     "value": "Memory|Usage (%)"
                  },
                  "solidColoring": false,
                  "tagFilter": null,
                  "thenBy": null
               }],
               "depth": 10,
               "mode": "all",
               "refreshContent": {"refreshContent": true},
               "refreshInterval": 300,
               "relationshipMode": {"relationshipMode": [
                  1,
                  -1,
                  0
               ]},
               "resource": [],
               "selfProvider": {"selfProvider": false},
               "title": "Host sized by Memory demand vs Memory contention",
               "value": 0
            },
            "gridsterCoords": {
               "h": 6,
               "w": 4,
               "x": 5,
               "y": 11
            },
            "height": 324,
            "id": "059c92f4-2989-4150-962e-83e50e08d5e5",
            "states": [{
               "key": "perm_HeatMap_widget_1ba99f89-bd6e-4e3e-8b2f-9107ff74a468_059c92f4-2989-4150-962e-83e50e08d5e5",
               "value": "o%3A"
            }],
            "title": "Host sized by Memory demand vs Memory contention",
            "type": "Heatmap"
         },
         {
            "collapsed": false,
            "config": {
               "boxColumns": 6,
               "boxHeight": null,
               "customFilter": {
                  "excludedResources": null,
                  "filter": [],
                  "includedResources": null
               },
               "depth": 1,
               "labelSize": 16,
               "maxCellCount": 100,
               "metric": {
                  "mode": "resourceKind",
                  "resourceKindMetrics": [
                     {
                        "colorMethod": 2,
                        "id": "extModel139079-1",
                        "isStringMetric": false,
                        "label": "Vcenter Servers",
                        "link": "",
                        "metricKey": "summary|total_number_vcenters",
                        "metricName": "Summary|Total Number of vCenter Server(s)",
                        "metricUnitId": null,
                        "orangeBound": null,
                        "redBound": null,
                        "resourceKindId": "resourceKind:id:3_::_",
                        "resourceKindName": "vSphere World",
                        "unit": null,
                        "yellowBound": null
                     },
                     {
                        "colorMethod": 2,
                        "id": "extModel139079-2",
                        "isStringMetric": false,
                        "label": "Datacenters",
                        "link": "",
                        "metricKey": "summary|total_number_datacenters",
                        "metricName": "Summary|Total Number of Datacenters",
                        "metricUnitId": null,
                        "orangeBound": null,
                        "redBound": null,
                        "resourceKindId": "resourceKind:id:3_::_",
                        "resourceKindName": "vSphere World",
                        "unit": null,
                        "yellowBound": null
                     },
                     {
                        "colorMethod": 2,
                        "id": "extModel139079-3",
                        "isStringMetric": false,
                        "label": "Clusters",
                        "link": "",
                        "metricKey": "summary|total_number_clusters",
                        "metricName": "Summary|Total Number of Clusters",
                        "metricUnitId": null,
                        "orangeBound": null,
                        "redBound": null,
                        "resourceKindId": "resourceKind:id:3_::_",
                        "resourceKindName": "vSphere World",
                        "unit": null,
                        "yellowBound": null
                     },
                     {
                        "colorMethod": 2,
                        "id": "extModel139079-4",
                        "isStringMetric": false,
                        "label": "Hosts",
                        "link": "",
                        "metricKey": "summary|total_number_hosts",
                        "metricName": "Summary|Total Number of Hosts",
                        "metricUnitId": null,
                        "orangeBound": null,
                        "redBound": null,
                        "resourceKindId": "resourceKind:id:3_::_",
                        "resourceKindName": "vSphere World",
                        "unit": null,
                        "yellowBound": null
                     },
                     {
                        "colorMethod": 2,
                        "id": "extModel139079-5",
                        "isStringMetric": false,
                        "label": "Vm's",
                        "link": "",
                        "metricKey": "summary|total_number_vms",
                        "metricName": "Summary|Total Number of VMs",
                        "metricUnitId": null,
                        "orangeBound": null,
                        "redBound": null,
                        "resourceKindId": "resourceKind:id:3_::_",
                        "resourceKindName": "vSphere World",
                        "unit": null,
                        "yellowBound": null
                     },
                     {
                        "colorMethod": 2,
                        "id": "extModel153748-1",
                        "isStringMetric": false,
                        "label": "Datastores",
                        "link": "",
                        "metricKey": "summary|total_number_datastores",
                        "metricName": "Summary|Total Number of Datastores",
                        "metricUnitId": null,
                        "orangeBound": null,
                        "redBound": null,
                        "resourceKindId": "resourceKind:id:3_::_",
                        "resourceKindName": "vSphere World",
                        "unit": null,
                        "yellowBound": null
                     },
                     {
                        "colorMethod": 2,
                        "id": "extModel139079-6",
                        "isStringMetric": false,
                        "label": "CPU cores",
                        "link": "",
                        "metricKey": "cpu|corecount_provisioned",
                        "metricName": "CPU|Number of physical CPUs",
                        "metricUnitId": -1,
                        "orangeBound": null,
                        "redBound": null,
                        "resourceKindId": "resourceKind:id:3_::_",
                        "resourceKindName": "vSphere World",
                        "unit": "Auto",
                        "yellowBound": null
                     },
                     {
                        "colorMethod": 2,
                        "id": "extModel144231-1",
                        "isStringMetric": false,
                        "label": "vCpu's",
                        "link": "",
                        "metricKey": "cpu|vcpus_allocated_on_all_vms",
                        "metricName": "CPU|vCPUs Allocated on all VMs",
                        "metricUnitId": null,
                        "orangeBound": null,
                        "redBound": null,
                        "resourceKindId": "resourceKind:id:3_::_",
                        "resourceKindName": "vSphere World",
                        "unit": null,
                        "yellowBound": null
                     },
                     {
                        "colorMethod": 2,
                        "id": "extModel144231-2",
                        "isStringMetric": false,
                        "label": "vCpu ratio",
                        "link": "",
                        "metricKey": "cpu|vcpus_to_cores_allocation_ratio",
                        "metricName": "CPU|Current Overcommit Ratio",
                        "metricUnitId": ":1",
                        "orangeBound": null,
                        "redBound": null,
                        "resourceKindId": "resourceKind:id:3_::_",
                        "resourceKindName": "vSphere World",
                        "unit": ":1",
                        "yellowBound": null
                     },
                     {
                        "colorMethod": 2,
                        "id": "extModel149382-1",
                        "isStringMetric": false,
                        "label": "Memory",
                        "link": "",
                        "metricKey": "mem|host_provisioned",
                        "metricName": "Memory|Total Capacity",
                        "metricUnitId": "tb",
                        "orangeBound": null,
                        "redBound": null,
                        "resourceKindId": "resourceKind:id:3_::_",
                        "resourceKindName": "vSphere World",
                        "unit": "TB",
                        "yellowBound": null
                     },
                     {
                        "colorMethod": 2,
                        "id": "extModel149382-2",
                        "isStringMetric": false,
                        "label": "vMem",
                        "link": "",
                        "metricKey": "mem|memory_allocated_on_all_vms",
                        "metricName": "Memory|Memory Allocated on all VMs",
                        "metricUnitId": "tb",
                        "orangeBound": null,
                        "redBound": null,
                        "resourceKindId": "resourceKind:id:3_::_",
                        "resourceKindName": "vSphere World",
                        "unit": "TB",
                        "yellowBound": null
                     },
                     {
                        "colorMethod": 2,
                        "id": "extModel149382-3",
                        "isStringMetric": false,
                        "label": "vMem ratio",
                        "link": "",
                        "metricKey": "mem|virtual_to_physical_memory_allocation_ratio",
                        "metricName": "Memory|Current Overcommit Ratio",
                        "metricUnitId": null,
                        "orangeBound": null,
                        "redBound": null,
                        "resourceKindId": "resourceKind:id:3_::_",
                        "resourceKindName": "vSphere World",
                        "unit": null,
                        "yellowBound": null
                     }
                  ],
                  "resourceMetrics": [
                     {
                        "colorMethod": 2,
                        "id": "extModel84498-1",
                        "isStringMetric": false,
                        "label": "Datacenters",
                        "link": "",
                        "metricKey": "summary|total_number_datacenters",
                        "metricName": "Summary|Total Number of Datacenters",
                        "metricUnitId": null,
                        "orangeBound": null,
                        "redBound": null,
                        "resourceId": "resource:id:0_::_",
                        "resourceKindId": "002006VMWAREvSphere World",
                        "resourceName": "vSphere World",
                        "unit": null,
                        "yellowBound": null
                     },
                     {
                        "colorMethod": 2,
                        "id": "extModel84498-2",
                        "isStringMetric": false,
                        "label": "Clusters",
                        "link": "",
                        "metricKey": "summary|total_number_clusters",
                        "metricName": "Summary|Total Number of Clusters",
                        "metricUnitId": null,
                        "orangeBound": null,
                        "redBound": null,
                        "resourceId": "resource:id:0_::_",
                        "resourceKindId": "002006VMWAREvSphere World",
                        "resourceName": "vSphere World",
                        "unit": null,
                        "yellowBound": null
                     },
                     {
                        "colorMethod": 2,
                        "id": "extModel84498-3",
                        "isStringMetric": false,
                        "label": "Hosts",
                        "link": "",
                        "metricKey": "summary|total_number_hosts",
                        "metricName": "Summary|Total Number of Hosts",
                        "metricUnitId": null,
                        "orangeBound": null,
                        "redBound": null,
                        "resourceId": "resource:id:0_::_",
                        "resourceKindId": "002006VMWAREvSphere World",
                        "resourceName": "vSphere World",
                        "unit": null,
                        "yellowBound": null
                     },
                     {
                        "colorMethod": 2,
                        "id": "extModel84498-4",
                        "isStringMetric": false,
                        "label": "Vm's",
                        "link": "",
                        "metricKey": "summary|total_number_vms",
                        "metricName": "Summary|Total Number of VMs",
                        "metricUnitId": null,
                        "orangeBound": null,
                        "redBound": null,
                        "resourceId": "resource:id:0_::_",
                        "resourceKindId": "002006VMWAREvSphere World",
                        "resourceName": "vSphere World",
                        "unit": null,
                        "yellowBound": null
                     }
                  ],
                  "subMode": "resourceKindAll"
               },
               "mode": {"layoutMode": "fixedView"},
               "oldMetricValues": false,
               "periodLength": "last24Hour",
               "refreshContent": {"refreshContent": true},
               "refreshInterval": 300,
               "relationshipMode": {"relationshipMode": 0},
               "resInteractionMode": null,
               "resource": [],
               "roundDecimals": 1,
               "selfProvider": {"selfProvider": true},
               "showDT": {"showDT": true},
               "showMetricName": {"showMetricName": true},
               "showMetricUnit": {"showMetricUnit": true},
               "showResourceName": {"showResourceName": false},
               "showSparkline": {"showSparkline": true},
               "title": "Environment summary",
               "valueSize": 24,
               "visualTheme": 5
            },
            "gridsterCoords": {
               "h": 5,
               "w": 12,
               "x": 1,
               "y": 1
            },
            "height": 267,
            "id": "aa17ea87-fa75-4219-a21b-b09f0da13b47",
            "title": "Environment summary",
            "type": "Scoreboard"
         },
         {
            "collapsed": false,
            "config": {
               "refreshContent": {"refreshContent": false},
               "refreshInterval": 300,
               "resource": {
                  "resourceId": "resource:id:1_::_",
                  "resourceName": "sharbehavcsa001"
               },
               "selfProvider": {"selfProvider": true},
               "title": "Alert Volume"
            },
            "gridsterCoords": {
               "h": 5,
               "w": 4,
               "x": 9,
               "y": 6
            },
            "height": 267,
            "id": "948f75ca-b6d6-4e56-a648-1e85e37d1ba2",
            "title": "Alert Volume",
            "type": "IntSummaryAlertVolume"
         },
         {
            "collapsed": false,
            "config": {
               "refreshContent": {"refreshContent": false},
               "refreshInterval": 300,
               "resource": {
                  "resourceId": "resource:id:2_::_",
                  "resourceName": "sharnlgevcsa001"
               },
               "selfProvider": {"selfProvider": true},
               "title": "Alert Volume"
            },
            "gridsterCoords": {
               "h": 6,
               "w": 4,
               "x": 9,
               "y": 11
            },
            "height": 324,
            "id": "d139a0b9-5fdb-4cc7-821c-9ea3da079505",
            "title": "Alert Volume",
            "type": "IntSummaryAlertVolume"
         }
      ]
   }],
   "entries": {
      "resource": [
         {
            "adapterKindKey": "VMWARE",
            "identifiers": [],
            "internalId": "resource:id:0_::_",
            "name": "vSphere World",
            "resourceKindKey": "vSphere World"
         },
         {
            "identifiers": [],
            "internalId": "resource:id:2_::_"
         },
         {
            "identifiers": [],
            "internalId": "resource:id:1_::_"
         }
      ],
      "resourceKind": [
         {
            "adapterKindKey": "VMWARE",
            "internalId": "resourceKind:id:2_::_",
            "resourceKindKey": "HostSystem"
         },
         {
            "adapterKindKey": "VMWARE",
            "internalId": "resourceKind:id:0_::_",
            "resourceKindKey": "VMwareAdapter Instance"
         },
         {
            "adapterKindKey": "VMWARE",
            "internalId": "resourceKind:id:1_::_",
            "resourceKindKey": "ClusterComputeResource"
         },
         {
            "adapterKindKey": "VMWARE",
            "internalId": "resourceKind:id:3_::_",
            "resourceKindKey": "vSphere World"
         }
      ]
   },
   "uuid": "93f1e7da-55f9-4096-ac97-d953bef169df"
}